Store,Date,actual,predicted
1,2012-04-13,1621031.8,1639355.6
1,2012-04-20,1521577.9,1641448.9
1,2012-04-27,1468928.4,1626219.6
1,2012-05-04,1684520.0,1600218.2
1,2012-05-11,1611096.0,1597147.6
1,2012-05-18,1595901.9,1583517.5
1,2012-05-25,1555444.5,1578725.5
1,2012-06-01,1624477.6,1569050.2
1,2012-06-08,1697231.0,1556465.6
1,2012-06-15,1630607.0,1558747.2
1,2012-06-22,1527845.8,1561251.1
1,2012-06-29,1540421.5,1548300.9
1,2012-07-06,1769854.1,1531953.5
1,2012-07-13,1527014.0,1545748.5
1,2012-07-20,1497954.8,1541382.4
1,2012-07-27,1439123.8,1527409.2
1,2012-08-03,1631135.8,1503058.0
1,2012-08-10,1592410.0,1510299.9
1,2012-08-17,1597868.0,1523650.0
1,2012-08-24,1494122.4,1538081.4
1,2012-08-31,1582083.4,1536281.2
1,2012-09-07,1661767.4,1541442.6
1,2012-09-14,1517428.9,1406602.8
1,2012-09-21,1506126.0,1423107.4
1,2012-09-28,1437059.2,1461734.8
1,2012-10-05,1670786.0,1484143.5
1,2012-10-12,1573072.8,1536112.8
1,2012-10-19,1508068.8,1573966.0
1,2012-10-26,1493659.8,1595912.9
2,2012-04-13,1935869.1,1896553.2
2,2012-04-20,1847344.5,1896938.5
2,2012-04-27,1764133.1,1889462.0
2,2012-05-04,1923957.1,1871305.2
2,2012-05-11,1917521.0,1861036.2
2,2012-05-18,2000940.6,1843411.0
2,2012-05-25,1912791.1,1849865.5
2,2012-06-01,1910092.4,1850883.6
2,2012-06-08,2010216.5,1838160.4
2,2012-06-15,1962924.2,1838393.5
2,2012-06-22,1887733.2,1842628.9
2,2012-06-29,1881046.1,1838998.5
2,2012-07-06,2041507.4,1829199.9
2,2012-07-13,1830075.1,1835580.0
2,2012-07-20,1819666.5,1830218.9
2,2012-07-27,1757923.9,1820644.1
2,2012-08-03,1946104.6,1802758.4
2,2012-08-10,1866720.0,1808740.9
2,2012-08-17,1928016.0,1814625.6
2,2012-08-24,1876788.1,1827498.0
2,2012-08-31,1947083.2,1837336.6
2,2012-09-07,1898777.1,1851058.4
2,2012-09-14,1814806.6,1691129.9
2,2012-09-21,1829415.6,1708136.2
2,2012-09-28,1746470.5,1752797.5
2,2012-10-05,1998321.0,1782256.9
2,2012-10-12,1900745.1,1838079.8
2,2012-10-19,1847990.4,1881085.4
2,2012-10-26,1834458.4,1915574.1
3,2012-04-13,420789.75,449736.94
3,2012-04-20,434822.12,448419.6
3,2012-04-27,394616.12,445899.72
3,2012-05-04,439913.56,433653.88
3,2012-05-11,431985.38,432601.0
3,2012-05-18,418112.75,428041.62
3,2012-05-25,413701.28,422210.78
3,2012-06-01,432268.53,418611.22
3,2012-06-08,446336.8,416223.12
3,2012-06-15,442074.78,417382.22
3,2012-06-22,419497.94,418894.34
3,2012-06-29,422965.34,414706.78
3,2012-07-06,411206.5,411682.44
3,2012-07-13,416913.1,403080.75
3,2012-07-20,432424.84,397618.0
3,2012-07-27,389427.9,398826.06
3,2012-08-03,419990.28,394376.22
3,2012-08-10,391811.6,395035.34
3,2012-08-17,394918.84,392118.56
3,2012-08-24,412449.66,390833.5
3,2012-08-31,408838.72,392885.9
3,2012-09-07,408229.72,396410.94
3,2012-09-14,407589.16,382008.2
3,2012-09-21,414392.1,382454.0
3,2012-09-28,389813.03,388980.97
3,2012-10-05,443557.66,393548.53
3,2012-10-12,410804.38,406077.16
3,2012-10-19,424513.1,413328.4
3,2012-10-26,405432.7,422023.2
4,2012-04-13,2105301.5,2209991.2
4,2012-04-20,2144337.0,2202213.0
4,2012-04-27,2064065.6,2197461.2
4,2012-05-04,2196968.2,2185884.0
4,2012-05-11,2127661.2,2179869.8
4,2012-05-18,2207214.8,2157666.8
4,2012-05-25,2154137.8,2152432.2
4,2012-06-01,2179361.0,2146901.0
4,2012-06-08,2245257.2,2131626.5
4,2012-06-15,2234191.0,2124819.0
4,2012-06-22,2197299.8,2122216.8
4,2012-06-29,2128363.0,2117211.5
4,2012-07-06,2224499.2,2103686.2
4,2012-07-13,2100252.5,2099239.0
4,2012-07-20,2175563.8,2089071.6
4,2012-07-27,2048613.6,2085675.6
4,2012-08-03,2174514.2,2074115.5
4,2012-08-10,2193367.8,2078693.8
4,2012-08-17,2283540.2,2089318.8
4,2012-08-24,2125241.8,2107945.8
4,2012-08-31,2081181.4,2116167.8
4,2012-09-07,2125104.8,2117472.0
4,2012-09-14,2117854.5,1957194.9
4,2012-09-21,2119438.5,1984178.9
4,2012-09-28,2027620.2,2034400.0
4,2012-10-05,2209835.5,2066500.2
4,2012-10-12,2133026.0,2110727.8
4,2012-10-19,2097266.8,2141002.2
4,2012-10-26,2149594.5,2170717.0
5,2012-04-13,351832.03,349663.53
5,2012-04-20,330063.06,352415.4
5,2012-04-27,324839.75,346943.75
5,2012-05-04,360932.7,340919.53
5,2012-05-11,333870.53,343982.9
5,2012-05-18,336189.66,339005.7
5,2012-05-25,341994.47,335129.66
5,2012-06-01,359867.8,334742.2
5,2012-06-08,341704.6,335036.34
5,2012-06-15,327383.62,332134.97
5,2012-06-22,325041.7,326778.06
5,2012-06-29,329658.1,321637.28
5,2012-07-06,341214.44,319084.38
5,2012-07-13,316203.62,316768.25
5,2012-07-20,321205.12,312320.0
5,2012-07-27,306827.38,310104.44
5,2012-08-03,324195.16,307644.53
5,2012-08-10,306759.7,307692.94
5,2012-08-17,314014.2,306413.28
5,2012-08-24,320831.38,306662.06
5,2012-08-31,344642.0,307534.53
5,2012-09-07,350648.9,313338.84
5,2012-09-14,299800.66,312224.12
5,2012-09-21,307306.75,309650.8
5,2012-09-28,310141.7,309266.84
5,2012-10-05,343048.28,311239.47
5,2012-10-12,325345.4,317269.22
5,2012-10-19,313358.16,321655.1
5,2012-10-26,319550.78,324300.62
6,2012-04-13,1616394.5,1593883.9
6,2012-04-20,1456073.2,1606060.1
6,2012-04-27,1456221.1,1590570.5
6,2012-05-04,1543461.1,1571029.6
6,2012-05-11,1517075.6,1558589.8
6,2012-05-18,1513635.6,1537706.0
6,2012-05-25,1603793.4,1527527.2
6,2012-06-01,1681121.4,1532950.2
6,2012-06-08,1696619.5,1537974.4
6,2012-06-15,1642247.5,1546263.1
6,2012-06-22,1618272.2,1553609.4
6,2012-06-29,1648863.5,1556623.0
6,2012-07-06,1876359.4,1557959.6
6,2012-07-13,1588142.2,1586359.1
6,2012-07-20,1574362.0,1591180.4
6,2012-07-27,1513229.1,1584859.1
6,2012-08-03,1627274.9,1568822.8
6,2012-08-10,1588380.8,1572054.8
6,2012-08-17,1543049.5,1578097.8
6,2012-08-24,1501095.5,1576901.8
6,2012-08-31,1577439.8,1566777.4
6,2012-09-07,1608077.0,1567856.6
6,2012-09-14,1375166.9,1418463.9
6,2012-09-21,1425603.6,1409469.6
6,2012-09-28,1369131.5,1431256.1
6,2012-10-05,1518177.8,1443275.5
6,2012-10-12,1459396.9,1479422.2
6,2012-10-19,1436884.0,1503696.0
6,2012-10-26,1431426.4,1520114.4
7,2012-04-13,517420.22,616272.8
7,2012-04-20,457340.06,591316.7
7,2012-04-27,467827.75,552556.06
7,2012-05-04,465198.88,535964.44
7,2012-05-11,460397.4,522139.2
7,2012-05-18,468428.3,511778.4
7,2012-05-25,532739.75,509074.8
7,2012-06-01,598495.0,526945.5
7,2012-06-08,642963.75,555069.56
7,2012-06-15,666942.0,588953.5
7,2012-06-22,687344.7,616217.56
7,2012-06-29,704335.44,639582.4
7,2012-07-06,805642.6,659439.5
7,2012-07-13,694150.9,686122.06
7,2012-07-20,686345.7,684945.25
7,2012-07-27,686365.4,675147.9
7,2012-08-03,680954.8,669223.4
7,2012-08-10,675926.3,662085.5
7,2012-08-17,642450.4,658073.7
7,2012-08-24,609099.4,646206.4
7,2012-08-31,586467.2,628183.25
7,2012-09-07,597876.56,608788.1
7,2012-09-14,541120.2,553907.25
7,2012-09-21,530842.25,536393.44
7,2012-09-28,525545.75,530991.25
7,2012-10-05,505830.56,527956.56
7,2012-10-12,503463.94,523510.34
7,2012-10-19,516424.84,516684.94
7,2012-10-26,495543.28,516343.56
8,2012-04-13,909989.44,970922.6
8,2012-04-20,872288.44,966596.1
8,2012-04-27,879448.25,947760.3
8,2012-05-04,937232.06,934234.9
8,2012-05-11,920128.9,931068.44
8,2012-05-18,913922.0,919251.94
8,2012-05-25,895157.44,913320.3
8,2012-06-01,921161.2,908214.8
8,2012-06-08,928820.0,896785.9
8,2012-06-15,916918.7,889267.44
8,2012-06-22,899449.6,884110.94
8,2012-06-29,878298.25,877573.75
8,2012-07-06,936205.5,867820.5
8,2012-07-13,890488.0,865914.1
8,2012-07-20,888834.06,859997.75
8,2012-07-27,838227.5,856408.06
8,2012-08-03,897076.75,845472.94
8,2012-08-10,930745.7,850168.1
8,2012-08-17,896613.2,866920.5
8,2012-08-24,936373.6,877556.2
8,2012-08-31,976137.75,891138.56
8,2012-09-07,932160.4,912081.7
8,2012-09-14,883569.4,824552.06
8,2012-09-21,857796.44,831487.6
8,2012-09-28,884724.44,857938.3
8,2012-10-05,976436.0,885667.94
8,2012-10-12,927512.0,923050.44
8,2012-10-19,900309.75,942415.56
8,2012-10-26,891671.44,954254.06
9,2012-04-13,578539.9,613037.1
9,2012-04-20,542819.0,612642.6
9,2012-04-27,550415.0,595270.0
9,2012-05-04,586289.06,583473.6
9,2012-05-11,592572.3,581148.44
9,2012-05-18,571463.94,578011.7
9,2012-05-25,547226.0,573516.9
9,2012-06-01,583648.56,566967.6
9,2012-06-08,582525.44,562307.1
9,2012-06-15,564606.1,558953.75
9,2012-06-22,562173.1,554000.25
9,2012-06-29,544770.7,549214.75
9,2012-07-06,578790.4,543110.8
9,2012-07-13,536537.6,540228.8
9,2012-07-20,513991.56,530494.25
9,2012-07-27,495951.0,517871.84
9,2012-08-03,533887.56,505179.66
9,2012-08-10,538713.5,504638.9
9,2012-08-17,535153.5,509403.6
9,2012-08-24,572887.75,514528.22
9,2012-08-31,576879.1,525166.5
9,2012-09-07,565812.3,539878.1
9,2012-09-14,523427.34,511053.16
9,2012-09-21,533756.9,506409.7
9,2012-09-28,516361.06,514244.2
9,2012-10-05,606755.3,523285.72
9,2012-10-12,558464.8,547077.2
9,2012-10-19,542009.44,559370.75
9,2012-10-26,549731.5,567076.9
10,2012-04-13,1974687.5,1940571.8
10,2012-04-20,1777166.5,1944743.9
10,2012-04-27,1712987.5,1929232.5
10,2012-05-04,1821364.4,1899947.6
10,2012-05-11,1792345.2,1874447.0
10,2012-05-18,1795152.8,1840140.5
10,2012-05-25,1830939.1,1816857.8
10,2012-06-01,1767471.5,1805779.9
10,2012-06-08,1840491.4,1786133.0
10,2012-06-15,1811562.9,1775926.6
10,2012-06-22,1755334.1,1771265.0
10,2012-06-29,1707481.9,1763113.1
10,2012-07-06,1805999.8,1746950.0
10,2012-07-13,1765571.9,1742514.1
10,2012-07-20,1869967.0,1742652.0
10,2012-07-27,1817603.6,1753867.8
10,2012-08-03,1939440.1,1764452.1
10,2012-08-10,1880437.0,1788444.4
10,2012-08-17,1827797.4,1812064.5
10,2012-08-24,1764984.1,1828341.8
10,2012-08-31,1650285.5,1836576.2
10,2012-09-07,1708283.2,1826234.9
10,2012-09-14,1640169.0,1651874.6
10,2012-09-21,1671857.6,1654032.6
10,2012-09-28,1694862.4,1692795.1
10,2012-10-05,1758971.4,1726090.4
10,2012-10-12,1713889.1,1775640.4
10,2012-10-19,1734834.9,1817162.8
10,2012-10-26,1744349.0,1849592.0
11,2012-04-13,1472752.0,1405515.2
11,2012-04-20,1315357.0,1418696.6
11,2012-04-27,1236238.2,1406385.5
11,2012-05-04,1370251.2,1375320.6
11,2012-05-11,1300147.1,1359111.0
11,2012-05-18,1352442.2,1332251.5
11,2012-05-25,1297335.9,1324028.8
11,2012-06-01,1361595.4,1313812.8
11,2012-06-08,1414343.5,1301594.8
11,2012-06-15,1417875.4,1301346.5
11,2012-06-22,1355680.2,1307963.2
11,2012-06-29,1297028.6,1307413.2
11,2012-07-06,1461130.0,1293062.9
11,2012-07-13,1320239.5,1299442.9
11,2012-07-20,1344483.8,1295569.8
11,2012-07-27,1272395.0,1294188.0
11,2012-08-03,1399341.1,1283470.1
11,2012-08-10,1388973.6,1295125.1
11,2012-08-17,1421307.2,1312127.4
11,2012-08-24,1409515.8,1334620.6
11,2012-08-31,1372872.4,1353314.0
11,2012-09-07,1304584.4,1363560.1
11,2012-09-14,1267675.0,1217710.2
11,2012-09-21,1326133.0,1218768.6
11,2012-09-28,1227430.8,1256970.9
11,2012-10-05,1422794.2,1278578.5
11,2012-10-12,1311965.1,1326543.9
11,2012-10-19,1232073.1,1355060.1
11,2012-10-26,1200729.5,1360858.0
12,2012-04-13,1083811.2,1093892.0
12,2012-04-20,1006486.94,1092709.6
12,2012-04-27,1004252.4,1078767.5
12,2012-05-04,1073433.8,1065587.6
12,2012-05-11,1041995.25,1060762.4
12,2012-05-18,1020486.06,1044859.6
12,2012-05-25,991514.2,1032243.56
12,2012-06-01,981345.2,1017269.9
12,2012-06-08,1086231.5,994888.2
12,2012-06-15,1019555.5,997089.0
12,2012-06-22,981386.25,996753.4
12,2012-06-29,943124.75,990554.06
12,2012-07-06,1014898.75,976878.0
12,2012-07-13,960312.75,973229.1
12,2012-07-20,941550.3,967177.94
12,2012-07-27,916967.94,957086.7
12,2012-08-03,958667.25,947216.4
12,2012-08-10,984689.9,948122.9
12,2012-08-17,1005003.1,961138.75
12,2012-08-24,1048101.4,979697.44
12,2012-08-31,1061943.5,1001702.0
12,2012-09-07,955146.06,1025315.9
12,2012-09-14,885892.4,931287.75
12,2012-09-21,922735.4,927020.25
12,2012-09-28,880415.7,949731.9
12,2012-10-05,979825.94,962600.0
12,2012-10-12,934917.5,995671.25
12,2012-10-19,960945.44,1018611.5
12,2012-10-26,974697.6,1040299.9
13,2012-04-13,2057637.9,2003180.5
13,2012-04-20,1955689.1,2018604.8
13,2012-04-27,1970121.6,2023687.6
13,2012-05-04,1995994.5,2028804.6
13,2012-05-11,2080764.1,2032681.8
13,2012-05-18,2131900.5,2023220.6
13,2012-05-25,2043349.4,2030153.6
13,2012-06-01,2035431.4,2032805.9
13,2012-06-08,2182438.0,2019960.5
13,2012-06-15,2152229.0,2021128.2
13,2012-06-22,2094373.0,2027282.5
13,2012-06-29,2037663.8,2027655.6
13,2012-07-06,2184980.2,2017756.0
13,2012-07-13,2002751.0,2019521.4
13,2012-07-20,2053089.4,2012549.9
13,2012-07-27,1914430.5,2007045.1
13,2012-08-03,2044148.2,1993999.2
13,2012-08-10,2041019.9,1994119.1
13,2012-08-17,2095769.1,1998006.2
13,2012-08-24,2059458.2,2009328.0
13,2012-08-31,2073855.4,2020448.0
13,2012-09-07,2165796.2,2029031.0
13,2012-09-14,1919917.0,1879116.6
13,2012-09-21,1938379.6,1895132.1
13,2012-09-28,1927664.1,1932261.5
13,2012-10-05,2041918.8,1957631.8
13,2012-10-12,1999079.5,1999767.6
13,2012-10-19,2018010.1,2028411.9
13,2012-10-26,2035189.6,2052459.1
14,2012-04-13,1912909.8,1925255.2
14,2012-04-20,1875686.5,1926542.8
14,2012-04-27,1784030.0,1921304.4
14,2012-05-04,1949354.2,1903636.6
14,2012-05-11,1987531.0,1897910.2
14,2012-05-18,1932233.1,1889498.0
14,2012-05-25,2030869.6,1884692.9
14,2012-06-01,2049485.5,1890999.6
14,2012-06-08,2099616.0,1885566.6
14,2012-06-15,1905733.6,1892755.1
14,2012-06-22,1660228.9,1886097.1
14,2012-06-29,1591835.0,1849664.4
14,2012-07-06,1862129.0,1795783.1
14,2012-07-13,1544422.4,1775459.2
14,2012-07-20,1553250.1,1731802.0
14,2012-07-27,1479514.6,1688934.8
14,2012-08-03,1656886.5,1640536.5
14,2012-08-10,1648570.0,1622973.8
14,2012-08-17,1660433.2,1617860.2
14,2012-08-24,1621841.4,1615542.9
14,2012-08-31,1613342.2,1610503.4
14,2012-09-07,1904512.4,1605623.6
14,2012-09-14,1554794.2,1477286.2
14,2012-09-21,1565352.5,1493674.1
14,2012-09-28,1522512.2,1531061.1
14,2012-10-05,1687592.1,1551993.8
14,2012-10-12,1639585.6,1600128.2
14,2012-10-19,1590274.8,1631061.0
14,2012-10-26,1704357.6,1652216.5
15,2012-04-13,558585.1,606253.4
15,2012-04-20,534780.56,603548.4
15,2012-04-27,527402.6,597628.9
15,2012-05-04,577868.4,582846.3
15,2012-05-11,579539.94,586979.2
15,2012-05-18,600051.0,593513.9
15,2012-05-25,693780.44,605549.56
15,2012-06-01,663971.25,637671.2
15,2012-06-08,611390.7,648043.6
15,2012-06-15,636737.6,633354.1
15,2012-06-22,687085.6,627799.94
15,2012-06-29,624099.5,638544.44
15,2012-07-06,678024.75,634530.6
15,2012-07-13,591335.5,636698.94
15,2012-07-20,592369.25,620895.5
15,2012-07-27,571190.8,607127.56
15,2012-08-03,590739.6,592958.3
15,2012-08-10,590453.6,586016.56
15,2012-08-17,579738.2,585162.1
15,2012-08-24,606210.75,582921.94
15,2012-08-31,610185.3,586427.5
15,2012-09-07,587259.8,596040.8
15,2012-09-14,527509.75,556739.56
15,2012-09-21,533161.6,544848.75
15,2012-09-28,553902.0,542916.6
15,2012-10-05,573498.6,547106.44
15,2012-10-12,551799.6,562811.44
15,2012-10-19,555652.75,567251.56
15,2012-10-26,558473.6,573753.2
16,2012-04-13,450756.72,510154.72
16,2012-04-20,436221.25,497051.2
16,2012-04-27,398445.16,481685.0
16,2012-05-04,426959.62,468628.44
16,2012-05-11,479855.0,460399.53
16,2012-05-18,493506.47,468853.28
16,2012-05-25,518045.1,485487.44
16,2012-06-01,532311.94,506419.34
16,2012-06-08,603618.9,519034.25
16,2012-06-15,570045.8,544312.75
16,2012-06-22,581745.75,556896.7
16,2012-06-29,570162.25,566541.2
16,2012-07-06,641763.5,570555.1
16,2012-07-13,569005.06,579409.1
16,2012-07-20,565297.56,572867.44
16,2012-07-27,539337.9,564241.5
16,2012-08-03,584000.7,552892.4
16,2012-08-10,554036.8,553131.8
16,2012-08-17,521896.6,552211.0
16,2012-08-24,551152.1,539552.8
16,2012-08-31,551837.3,536008.9
16,2012-09-07,537138.56,538082.1
16,2012-09-14,526525.2,499517.47
16,2012-09-21,509942.56,495766.34
16,2012-09-28,469607.72,500799.62
16,2012-10-05,471281.7,494390.06
16,2012-10-12,491817.2,489759.22
16,2012-10-19,577199.0,488850.7
16,2012-10-26,475770.12,507661.56
17,2012-04-13,877055.3,905688.4
17,2012-04-20,1119980.0,910704.94
17,2012-04-27,925916.6,952489.3
17,2012-05-04,930121.1,967266.5
17,2012-05-11,944100.3,962252.2
17,2012-05-18,968816.3,952428.44
17,2012-05-25,984881.56,956308.44
17,2012-06-01,938914.25,963895.25
17,2012-06-08,987990.25,951252.0
17,2012-06-15,964169.7,948340.8
17,2012-06-22,981210.56,943178.06
17,2012-06-29,982322.25,943772.8
17,2012-07-06,1046782.5,946644.75
17,2012-07-13,960746.06,952436.6
17,2012-07-20,944698.7,944087.9
17,2012-07-27,907493.25,932865.56
17,2012-08-03,877813.3,919706.1
17,2012-08-10,849074.06,903367.9
17,2012-08-17,844928.2,887251.3
17,2012-08-24,924299.75,874438.44
17,2012-08-31,865924.2,880182.1
17,2012-09-07,1255633.2,880831.25
17,2012-09-14,1071040.2,858048.8
17,2012-09-21,938303.25,892162.4
17,2012-09-28,972716.25,921036.8
17,2012-10-05,952609.2,943033.25
17,2012-10-12,919878.3,958473.25
17,2012-10-19,957356.8,956951.6
17,2012-10-26,943465.3,962612.9
18,2012-04-13,998443.5,1079812.2
18,2012-04-20,1025813.8,1072290.2
18,2012-04-27,961186.25,1072082.6
18,2012-05-04,1050027.9,1054964.4
18,2012-05-11,1060433.1,1050973.8
18,2012-05-18,1047444.56,1048128.1
18,2012-05-25,1088446.6,1048368.06
18,2012-06-01,1118313.8,1055301.5
18,2012-06-08,1110480.0,1055472.6
18,2012-06-15,1057425.9,1051806.0
18,2012-06-22,1080357.9,1042914.4
18,2012-06-29,1097006.2,1039641.3
18,2012-07-06,1158247.2,1039589.75
18,2012-07-13,1024784.94,1047269.9
18,2012-07-20,1033543.56,1035652.3
18,2012-07-27,924506.25,1024804.6
18,2012-08-03,1052066.6,997523.7
18,2012-08-10,967304.06,994330.44
18,2012-08-17,1048134.25,989797.7
18,2012-08-24,1145840.9,997432.3
18,2012-08-31,1117097.2,1020794.7
18,2012-09-07,1083521.2,1043462.56
18,2012-09-14,960476.1,954520.75
18,2012-09-21,971386.6,950451.3
18,2012-09-28,1002856.2,965541.2
18,2012-10-05,1092204.8,984327.56
18,2012-10-12,1074079.0,1024429.4
18,2012-10-19,1048706.8,1051214.4
18,2012-10-26,1127516.2,1068546.9
19,2012-04-13,1365098.5,1401327.4
19,2012-04-20,1255087.2,1405148.1
19,2012-04-27,1285897.2,1389446.6
19,2012-05-04,1405007.5,1373007.6
19,2012-05-11,1442873.2,1378636.5
19,2012-05-18,1366937.1,1383709.0
19,2012-05-25,1485540.2,1383033.5
19,2012-06-01,1450733.2,1398937.2
19,2012-06-08,1390122.1,1397943.8
19,2012-06-15,1440263.1,1386051.9
19,2012-06-22,1468350.4,1383348.8
19,2012-06-29,1379652.6,1389793.8
19,2012-07-06,1557120.5,1381734.9
19,2012-07-13,1321741.4,1393128.5
19,2012-07-20,1317672.9,1380275.6
19,2012-07-27,1248915.4,1361850.0
19,2012-08-03,1342123.8,1334308.9
19,2012-08-10,1408907.9,1324714.5
19,2012-08-17,1375101.2,1334880.4
19,2012-08-24,1544653.4,1340572.8
19,2012-08-31,1542719.9,1366792.9
19,2012-09-07,1497073.9,1401256.6
19,2012-09-14,1370653.4,1276018.0
19,2012-09-21,1338572.2,1287531.6
19,2012-09-28,1338299.0,1317685.0
19,2012-10-05,1408016.1,1336055.9
19,2012-10-12,1352809.5,1375996.2
19,2012-10-19,1321102.4,1389363.1
19,2012-10-26,1322118.0,1398859.9
20,2012-04-13,2045396.0,2100889.5
20,2012-04-20,1884427.9,2095033.1
20,2012-04-27,1886503.9,2071397.5
20,2012-05-04,2163511.0,2042563.1
20,2012-05-11,2168097.0,2038484.2
20,2012-05-18,2039222.2,2029932.9
20,2012-05-25,2114989.0,2021540.8
20,2012-06-01,2143126.5,2018429.6
20,2012-06-08,2231962.2,2006339.0
20,2012-06-15,2165160.2,2011155.0
20,2012-06-22,2060588.8,2014983.1
20,2012-06-29,2055952.6,2007523.8
20,2012-07-06,2358055.2,1995612.5
20,2012-07-13,2134680.0,2009538.8
20,2012-07-20,1970170.2,2015740.4
20,2012-07-27,1911559.1,2005097.5
20,2012-08-03,2094515.8,1982849.0
20,2012-08-10,2144245.5,1983408.9
20,2012-08-17,2045061.2,1997078.5
20,2012-08-24,2005341.4,2000918.0
20,2012-08-31,2062481.5,1999005.0
20,2012-09-07,2080529.0,2000973.4
20,2012-09-14,2047950.0,1828345.2
20,2012-09-21,2028587.2,1853457.2
20,2012-09-28,2008350.6,1902221.1
20,2012-10-05,2246412.0,1935426.2
20,2012-10-12,2162951.2,1998198.8
20,2012-10-19,1999363.5,2044354.0
20,2012-10-26,2031650.5,2079586.0
21,2012-04-13,769319.06,755194.44
21,2012-04-20,734858.94,757430.4
21,2012-04-27,674829.56,752031.44
21,2012-05-04,697645.3,730479.06
21,2012-05-11,649945.56,712146.9
21,2012-05-18,700554.2,684470.5
21,2012-05-25,722891.25,677666.9
21,2012-06-01,695439.8,684831.6
21,2012-06-08,707895.75,677790.94
21,2012-06-15,727049.06,672344.5
21,2012-06-22,735870.0,674510.06
21,2012-06-29,716341.4,680807.25
21,2012-07-06,693013.56,683560.5
21,2012-07-13,668132.4,673198.44
21,2012-07-20,691200.3,658709.1
21,2012-07-27,677789.1,654479.94
21,2012-08-03,693785.9,653348.06
21,2012-08-10,700272.0,657225.75
21,2012-08-17,751963.8,663709.0
21,2012-08-24,802003.6,680379.5
21,2012-08-31,763867.56,707857.4
21,2012-09-07,642827.3,730704.8
21,2012-09-14,628494.6,651007.6
21,2012-09-21,667151.44,632856.6
21,2012-09-28,647097.6,640785.7
21,2012-10-05,651768.94,653776.25
21,2012-10-12,653043.44,661655.0
21,2012-10-19,641368.1,663079.5
21,2012-10-26,675202.9,665458.9
22,2012-04-13,939118.25,1032707.3
22,2012-04-20,1000342.9,1025528.06
22,2012-04-27,922539.94,1027329.25
22,2012-05-04,1005083.3,1012724.25
22,2012-05-11,997868.6,1010015.9
22,2012-05-18,986612.0,1005193.0
22,2012-05-25,1047297.4,1003610.56
22,2012-06-01,1102857.4,1011423.2
22,2012-06-08,1061134.4,1018568.75
22,2012-06-15,1061219.2,1016349.6
22,2012-06-22,1112449.2,1014024.06
22,2012-06-29,1053881.8,1021954.75
22,2012-07-06,1097786.1,1020538.7
22,2012-07-13,971361.4,1021970.4
22,2012-07-20,991969.4,1003043.2
22,2012-07-27,925731.2,988539.25
22,2012-08-03,1007257.8,967574.7
22,2012-08-10,973812.8,964819.56
22,2012-08-17,981273.25,967140.1
22,2012-08-24,1060906.8,970912.44
22,2012-08-31,1022270.9,985858.9
22,2012-09-07,996628.8,998555.44
22,2012-09-14,918049.25,908609.0
22,2012-09-21,921612.5,904864.75
22,2012-09-28,976479.5,922372.9
22,2012-10-05,1009887.4,948156.3
22,2012-10-12,1004039.8,984844.94
22,2012-10-19,978027.94,1008544.2
22,2012-10-26,1094422.8,1022234.5
23,2012-04-13,1231752.5,1393478.0
23,2012-04-20,1287899.4,1392411.2
23,2012-04-27,1277758.8,1399851.5
23,2012-05-04,1317379.6,1397172.0
23,2012-05-11,1321914.4,1400423.0
23,2012-05-18,1332952.5,1390057.6
23,2012-05-25,1552934.6,1388140.6
23,2012-06-01,1476144.4,1419855.2
23,2012-06-08,1568048.5,1430466.0
23,2012-06-15,1543667.6,1446018.6
23,2012-06-22,1522042.6,1461357.0
23,2012-06-29,1451782.1,1474005.9
23,2012-07-06,1545370.1,1466966.0
23,2012-07-13,1384921.6,1471761.2
23,2012-07-20,1381339.2,1453921.2
23,2012-07-27,1322932.4,1434505.6
23,2012-08-03,1416926.2,1409321.9
23,2012-08-10,1436311.8,1404040.2
23,2012-08-17,1510131.5,1410323.5
23,2012-08-24,1702221.0,1425020.9
23,2012-08-31,1577468.8,1466156.2
23,2012-09-07,1427162.2,1497565.1
23,2012-09-14,1279041.6,1337303.9
23,2012-09-21,1338627.5,1318993.9
23,2012-09-28,1319035.0,1336552.9
23,2012-10-05,1464616.6,1346750.5
23,2012-10-12,1412925.2,1391552.4
23,2012-10-19,1363155.8,1418942.9
23,2012-10-26,1347454.6,1431348.9
24,2012-04-13,1285783.9,1302831.6
24,2012-04-20,1208654.4,1307604.0
24,2012-04-27,1194334.6,1300719.9
24,2012-05-04,1306551.8,1283406.4
24,2012-05-11,1355391.8,1283162.9
24,2012-05-18,1298809.8,1287272.6
24,2012-05-25,1407897.6,1288661.8
24,2012-06-01,1467722.2,1306140.9
24,2012-06-08,1406313.1,1319059.2
24,2012-06-15,1364446.0,1324251.0
24,2012-06-22,1434709.6,1324584.4
24,2012-06-29,1428869.9,1334294.9
24,2012-07-06,1645097.8,1342048.9
24,2012-07-13,1405475.8,1373280.0
24,2012-07-20,1394299.0,1382167.1
24,2012-07-27,1307339.1,1381843.0
24,2012-08-03,1440374.1,1366546.5
24,2012-08-10,1497054.8,1370194.0
24,2012-08-17,1397970.5,1390422.2
24,2012-08-24,1303726.5,1397433.2
24,2012-08-31,1344558.9,1383769.6
24,2012-09-07,1477134.8,1376404.5
24,2012-09-14,1242909.5,1248974.5
24,2012-09-21,1261158.5,1242532.9
24,2012-09-28,1259278.4,1260229.8
24,2012-10-05,1416720.5,1271169.2
24,2012-10-12,1416301.1,1315507.8
24,2012-10-19,1255414.9,1350283.2
24,2012-10-26,1307182.2,1357604.4
25,2012-04-13,658691.56,711699.44
25,2012-04-20,661566.5,700939.56
25,2012-04-27,655157.3,696599.3
25,2012-05-04,696421.75,688468.56
25,2012-05-11,739866.2,695346.9
25,2012-05-18,717207.2,710659.0
25,2012-05-25,783371.0,718498.6
25,2012-06-01,694765.94,742535.3
25,2012-06-08,730254.2,725146.3
25,2012-06-15,753860.9,709538.94
25,2012-06-22,721601.9,712541.56
25,2012-06-29,718890.8,712065.4
25,2012-07-06,753385.56,708014.7
25,2012-07-13,714093.94,708361.1
25,2012-07-20,685676.56,699872.2
25,2012-07-27,659109.5,686664.06
25,2012-08-03,709724.6,670768.4
25,2012-08-10,710497.0,669222.06
25,2012-08-17,728467.75,674394.94
25,2012-08-24,756527.6,682965.6
25,2012-08-31,714828.75,699197.7
25,2012-09-07,671482.9,706867.75
25,2012-09-14,657241.6,635236.0
25,2012-09-21,664745.2,626753.06
25,2012-09-28,683300.8,637452.3
25,2012-10-05,699536.75,651783.5
25,2012-10-12,697317.44,676984.1
25,2012-10-19,685531.9,685700.1
25,2012-10-26,688940.94,698043.06
26,2012-04-13,889670.3,983803.0
26,2012-04-20,923600.0,976639.5
26,2012-04-27,911969.0,976768.06
26,2012-05-04,946573.3,971935.25
26,2012-05-11,1062548.8,967962.3
26,2012-05-18,978082.8,983217.7
26,2012-05-25,1067310.8,989932.7
26,2012-06-01,1015853.0,1006878.7
26,2012-06-08,1106176.9,1001019.2
26,2012-06-15,1029248.25,1004137.1
26,2012-06-22,1056282.9,1002704.6
26,2012-06-29,1051190.5,1005023.3
26,2012-07-06,1180470.8,1004681.2
26,2012-07-13,1063149.8,1020328.44
26,2012-07-20,1049625.9,1020295.4
26,2012-07-27,1031745.1,1015374.0
26,2012-08-03,1090915.1,1007785.56
26,2012-08-10,1121476.5,1011398.06
26,2012-08-17,1068292.5,1026753.3
26,2012-08-24,1022704.2,1033645.4
26,2012-08-31,1053495.5,1029406.44
26,2012-09-07,1081874.0,1029266.06
26,2012-09-14,986131.94,936661.4
26,2012-09-21,961084.06,935578.5
26,2012-09-28,964726.4,949692.0
26,2012-10-05,1095504.2,960933.44
26,2012-10-12,1044639.7,1000332.06
26,2012-10-19,975578.0,1022822.56
26,2012-10-26,958619.8,1022878.1
27,2012-04-13,1650405.2,1641054.4
27,2012-04-20,1639999.5,1648423.5
27,2012-04-27,1565498.9,1657939.8
27,2012-05-04,1669388.5,1651389.5
27,2012-05-11,1674306.2,1653364.0
27,2012-05-18,1707158.9,1647986.5
27,2012-05-25,1818906.8,1651146.9
27,2012-06-01,1900638.6,1672910.8
27,2012-06-08,1764756.2,1689414.8
27,2012-06-15,1773500.5,1693978.9
27,2012-06-22,1837884.8,1698443.5
27,2012-06-29,1842555.4,1710829.5
27,2012-07-06,2062224.9,1722359.4
27,2012-07-13,1755889.5,1751368.9
27,2012-07-20,1730913.6,1756795.5
27,2012-07-27,1625883.8,1753678.8
27,2012-08-03,1705810.9,1736406.1
27,2012-08-10,1720537.2,1730283.2
27,2012-08-17,1735339.6,1730725.5
27,2012-08-24,1780443.4,1732294.2
27,2012-08-31,1731935.4,1737754.6
27,2012-09-07,1840955.2,1743376.8
27,2012-09-14,1519604.5,1590261.1
27,2012-09-21,1557485.8,1582890.9
27,2012-09-28,1540687.6,1601212.0
27,2012-10-05,1591816.9,1610002.8
27,2012-10-12,1660081.2,1638233.5
27,2012-10-19,1620374.2,1662043.1
27,2012-10-26,1703047.8,1682221.9
28,2012-04-13,1290685.0,1346428.1
28,2012-04-20,1180797.2,1338747.0
28,2012-04-27,1170456.1,1310852.9
28,2012-05-04,1450628.9,1278743.1
28,2012-05-11,1264575.1,1284439.9
28,2012-05-18,1213310.5,1269325.5
28,2012-05-25,1151214.4,1250330.8
28,2012-06-01,1245481.0,1223020.8
28,2012-06-08,1440687.8,1201128.1
28,2012-06-15,1229761.0,1217772.9
28,2012-06-22,1180671.5,1220039.6
28,2012-06-29,1129032.0,1210337.5
28,2012-07-06,1500863.5,1188371.5
28,2012-07-13,1179915.0,1214753.6
28,2012-07-20,1149427.5,1217079.8
28,2012-07-27,1135035.1,1204053.9
28,2012-08-03,1376520.1,1186500.8
28,2012-08-10,1269113.4,1207778.9
28,2012-08-17,1184198.4,1229218.1
28,2012-08-24,1199309.6,1237920.1
28,2012-08-31,1227118.8,1239905.1
28,2012-09-07,1469694.0,1244785.2
28,2012-09-14,1124660.8,1162345.0
28,2012-09-21,1135340.2,1170369.4
28,2012-09-28,1129508.6,1193383.4
28,2012-10-05,1462941.0,1204176.8
28,2012-10-12,1205536.8,1268220.9
28,2012-10-19,1143724.5,1307779.9
28,2012-10-26,1213860.6,1319868.4
29,2012-04-13,520493.84,551589.94
29,2012-04-20,525200.56,555597.06
29,2012-04-27,497250.22,558041.4
29,2012-05-04,504963.84,547136.2
29,2012-05-11,529707.9,536597.06
29,2012-05-18,543706.06,536697.4
29,2012-05-25,549665.7,546130.56
29,2012-06-01,576252.4,555909.25
29,2012-06-08,554093.1,563772.5
29,2012-06-15,552338.75,559211.25
29,2012-06-22,581854.5,555500.06
29,2012-06-29,555954.1,560991.06
29,2012-07-06,578832.44,561130.75
29,2012-07-13,514709.75,562558.1
29,2012-07-20,506705.38,548070.44
29,2012-07-27,475158.25,532430.9
29,2012-08-03,504754.75,513036.72
29,2012-08-10,518628.4,503472.22
29,2012-08-17,416881.66,505091.97
29,2012-08-24,615026.1,486760.5
29,2012-08-31,545844.94,504551.78
29,2012-09-07,540811.9,520482.62
29,2012-09-14,475127.2,499191.75
29,2012-09-21,489079.22,491111.4
29,2012-09-28,489674.22,491093.6
29,2012-10-05,520632.8,493094.7
29,2012-10-12,513737.0,504646.12
29,2012-10-19,516909.25,512335.1
29,2012-10-26,534970.7,520496.03
30,2012-04-13,428784.7,456514.88
30,2012-04-20,462909.4,451613.03
30,2012-04-27,433744.84,454086.78
30,2012-05-04,454477.53,452599.1
30,2012-05-11,436070.44,455149.0
30,2012-05-18,460945.12,448321.66
30,2012-05-25,449355.9,448226.75
30,2012-06-01,427021.2,449487.84
30,2012-06-08,437222.94,439135.72
30,2012-06-15,438523.25,431216.2
30,2012-06-22,428554.62,426870.03
30,2012-06-29,423192.4,422495.16
30,2012-07-06,440553.4,419334.0
30,2012-07-13,417640.34,415691.97
30,2012-07-20,427491.03,408400.78
30,2012-07-27,424581.16,405995.44
30,2012-08-03,425136.56,406263.1
30,2012-08-10,430878.28,406962.62
30,2012-08-17,423351.16,408823.6
30,2012-08-24,425296.66,409468.97
30,2012-08-31,439132.5,409531.84
30,2012-09-07,433565.78,415883.1
30,2012-09-14,437773.3,402262.78
30,2012-09-21,443891.62,404253.38
30,2012-09-28,425410.03,413495.2
30,2012-10-05,446751.44,422959.56
30,2012-10-12,434593.25,431032.4
30,2012-10-19,437537.28,433884.72
30,2012-10-26,439424.5,439924.2
31,2012-04-13,1407842.9,1420630.0
31,2012-04-20,1407036.6,1415325.0
31,2012-04-27,1311352.2,1413894.9
31,2012-05-04,1391257.2,1400305.4
31,2012-05-11,1392938.0,1390012.5
31,2012-05-18,1441473.9,1374045.0
31,2012-05-25,1397094.2,1375543.6
31,2012-06-01,1404516.2,1375159.4
31,2012-06-08,1443285.8,1362659.2
31,2012-06-15,1431003.4,1357758.5
31,2012-06-22,1394065.8,1357621.2
31,2012-06-29,1349202.2,1354827.5
31,2012-07-06,1458059.4,1342723.6
31,2012-07-13,1374301.4,1342730.0
31,2012-07-20,1392395.2,1337560.2
31,2012-07-27,1303732.4,1336626.8
31,2012-08-03,1390174.6,1324876.2
31,2012-08-10,1386472.6,1328037.5
31,2012-08-17,1410181.8,1336772.1
31,2012-08-24,1379783.2,1350634.8
31,2012-08-31,1373651.5,1359589.4
31,2012-09-07,1358111.6,1366590.9
31,2012-09-14,1327705.5,1230152.8
31,2012-09-21,1373064.9,1239010.2
31,2012-09-28,1279080.6,1282617.2
31,2012-10-05,1363365.0,1312092.2
31,2012-10-12,1401113.4,1346236.8
31,2012-10-19,1378730.5,1375739.1
31,2012-10-26,1340232.5,1404167.5
32,2012-04-13,1171834.5,1145610.9
32,2012-04-20,1121405.9,1154052.1
32,2012-04-27,1126962.5,1152135.4
32,2012-05-04,1187384.5,1155113.6
32,2012-05-11,1187051.1,1164486.4
32,2012-05-18,1177539.8,1162867.2
32,2012-05-25,1232784.2,1165503.0
32,2012-06-01,1157557.8,1178549.0
32,2012-06-08,1246322.5,1168270.6
32,2012-06-15,1234759.5,1169766.8
32,2012-06-22,1196880.1,1173031.0
32,2012-06-29,1178211.8,1171551.9
32,2012-07-06,1214184.0,1165149.6
32,2012-07-13,1141184.6,1160407.9
32,2012-07-20,1167829.4,1146531.1
32,2012-07-27,1144901.5,1139705.6
32,2012-08-03,1183571.4,1133518.4
32,2012-08-10,1227469.2,1135608.9
32,2012-08-17,1261306.4,1148313.6
32,2012-08-24,1272809.1,1164743.0
32,2012-08-31,1183979.2,1183948.5
32,2012-09-07,1126686.0,1188340.9
32,2012-09-14,1156377.5,1058266.5
32,2012-09-21,1159119.6,1057694.5
32,2012-09-28,1157111.1,1088315.6
32,2012-10-05,1202775.2,1116307.8
32,2012-10-12,1176681.2,1149665.9
32,2012-10-19,1199292.0,1160486.5
32,2012-10-26,1219979.2,1180655.0
33,2012-04-13,312698.66,269864.53
33,2012-04-20,261837.2,274552.78
33,2012-04-27,249798.75,273673.9
33,2012-05-04,270497.5,271899.7
33,2012-05-11,295841.84,271471.4
33,2012-05-18,276899.94,272242.97
33,2012-05-25,261851.73,272550.28
33,2012-06-01,261131.1,270739.72
33,2012-06-08,286082.75,267233.56
33,2012-06-15,290444.3,267224.88
33,2012-06-22,261666.3,268296.88
33,2012-06-29,244338.31,266991.8
33,2012-07-06,273690.38,263913.97
33,2012-07-13,287033.62,261850.92
33,2012-07-20,253205.89,262635.97
33,2012-07-27,249134.31,260783.3
33,2012-08-03,258533.12,259287.17
33,2012-08-10,297753.5,258153.67
33,2012-08-17,270097.75,261189.75
33,2012-08-24,247672.56,262490.75
33,2012-08-31,237129.81,261507.53
33,2012-09-07,286428.78,259911.06
33,2012-09-14,277417.53,260894.0
33,2012-09-21,252709.58,261984.06
33,2012-09-28,242813.52,262451.94
33,2012-10-05,265444.9,261273.95
33,2012-10-12,291781.16,261957.83
33,2012-10-19,254412.34,265027.5
33,2012-10-26,253731.12,265030.8
34,2012-04-13,987353.6,1000676.5
34,2012-04-20,977628.75,1002964.75
34,2012-04-27,940299.9,999549.2
34,2012-05-04,991104.4,992821.94
34,2012-05-11,949625.5,990041.25
34,2012-05-18,998672.9,972074.25
34,2012-05-25,1015737.6,970778.2
34,2012-06-01,977062.44,978098.25
34,2012-06-08,999511.3,967392.0
34,2012-06-15,982345.5,959548.8
34,2012-06-22,1000285.1,952907.25
34,2012-06-29,942970.6,951863.6
34,2012-07-06,1007867.7,942373.4
34,2012-07-13,954677.75,939183.8
34,2012-07-20,950929.56,930714.2
34,2012-07-27,917883.8,925137.3
34,2012-08-03,973250.44,917183.56
34,2012-08-10,1004523.56,921891.8
34,2012-08-17,1013820.9,934815.06
34,2012-08-24,926250.2,950886.5
34,2012-08-31,933487.7,951034.3
34,2012-09-07,976415.56,950177.6
34,2012-09-14,955211.7,871251.1
34,2012-09-21,943047.75,878658.25
34,2012-09-28,928629.3,907407.94
34,2012-10-05,968896.7,928705.06
34,2012-10-12,948613.4,955371.4
34,2012-10-19,963516.25,970364.44
34,2012-10-26,956987.8,980712.6
35,2012-04-13,788633.44,800927.4
35,2012-04-20,794660.25,805220.9
35,2012-04-27,721212.44,814279.1
35,2012-05-04,772036.6,792118.9
35,2012-05-11,802383.6,780372.4
35,2012-05-18,819196.7,782343.3
35,2012-05-25,822167.2,795483.1
35,2012-06-01,932195.5,808130.4
35,2012-06-08,873415.0,832127.0
35,2012-06-15,848289.44,835956.9
35,2012-06-22,911696.0,831505.8
35,2012-06-29,892133.44,843552.06
35,2012-07-06,985479.6,851662.1
35,2012-07-13,825763.5,869309.0
35,2012-07-20,841224.75,857496.6
35,2012-07-27,808030.1,843932.7
35,2012-08-03,866216.4,826484.0
35,2012-08-10,888368.8,828525.56
35,2012-08-17,887979.5,846729.3
35,2012-08-24,895274.75,864484.2
35,2012-08-31,931279.0,877680.06
35,2012-09-07,984833.4,897149.4
35,2012-09-14,821568.6,828347.06
35,2012-09-21,772302.94,828802.2
35,2012-09-28,814099.9,832807.4
35,2012-10-05,866064.4,844017.2
35,2012-10-12,873643.1,876586.75
35,2012-10-19,829284.7,897159.7
35,2012-10-26,865137.6,905516.5
36,2012-04-13,339407.94,326675.25
36,2012-04-20,323915.3,328649.53
36,2012-04-27,308389.8,328063.62
36,2012-05-04,312467.53,324645.66
36,2012-05-11,330518.34,322798.22
36,2012-05-18,324801.12,322037.84
36,2012-05-25,306098.16,321154.53
36,2012-06-01,306005.53,318404.38
36,2012-06-08,338273.38,313325.7
36,2012-06-15,333146.88,313542.7
36,2012-06-22,306411.0,314392.16
36,2012-06-29,291530.44,311316.06
36,2012-07-06,306578.88,306605.3
36,2012-07-13,298337.4,301959.22
36,2012-07-20,303289.56,298315.5
36,2012-07-27,279643.44,297527.34
36,2012-08-03,304989.97,294880.78
36,2012-08-10,298947.5,295177.9
36,2012-08-17,314607.22,295733.28
36,2012-08-24,282545.56,298964.0
36,2012-08-31,282647.47,298028.6
36,2012-09-07,293728.56,297180.8
36,2012-09-14,301893.62,292857.06
36,2012-09-21,293804.44,293958.7
36,2012-09-28,270677.97,295855.12
36,2012-10-05,277137.88,295192.25
36,2012-10-12,300236.84,294329.56
36,2012-10-19,287360.06,296935.78
36,2012-10-26,272489.4,298730.3
37,2012-04-13,506973.16,550293.75
37,2012-04-20,523483.2,541481.7
37,2012-04-27,528807.44,535760.5
37,2012-05-04,535311.6,535167.1
37,2012-05-11,527983.06,536359.2
37,2012-05-18,534847.94,532014.7
37,2012-05-25,540625.8,530022.44
37,2012-06-01,531811.9,533020.2
37,2012-06-08,528940.75,527576.06
37,2012-06-15,508573.16,521047.3
37,2012-06-22,484032.75,511495.88
37,2012-06-29,508309.8,498058.56
37,2012-07-06,519498.3,495196.94
37,2012-07-13,506005.47,492136.78
37,2012-07-20,503744.56,487901.47
37,2012-07-27,514489.16,486720.12
37,2012-08-03,521959.28,490300.4
37,2012-08-10,500964.6,495320.22
37,2012-08-17,509633.72,495671.78
37,2012-08-24,522665.03,498325.1
37,2012-08-31,538344.1,502908.84
37,2012-09-07,526838.1,513305.4
37,2012-09-14,514651.75,485962.72
37,2012-09-21,521320.97,487402.47
37,2012-09-28,527953.1,499383.62
37,2012-10-05,546122.4,514634.25
37,2012-10-12,521810.75,530088.6
37,2012-10-19,551969.1,537522.06
37,2012-10-26,534738.44,549233.06
38,2012-04-13,435790.75,461934.47
38,2012-04-20,401615.8,462398.6
38,2012-04-27,419964.78,453177.84
38,2012-05-04,491755.7,451177.8
38,2012-05-11,429914.6,461620.9
38,2012-05-18,412314.72,458160.03
38,2012-05-25,422810.12,450287.56
38,2012-06-01,435579.7,443970.75
38,2012-06-08,448110.25,437167.62
38,2012-06-15,430222.06,436907.97
38,2012-06-22,405938.34,435282.66
38,2012-06-29,404634.38,429970.28
38,2012-07-06,471086.22,422968.44
38,2012-07-13,416036.75,425098.38
38,2012-07-20,441683.75,422421.03
38,2012-07-27,407186.47,421071.62
38,2012-08-03,469311.16,417553.4
38,2012-08-10,436690.12,423091.9
38,2012-08-17,411866.47,428969.28
38,2012-08-24,397428.22,429415.03
38,2012-08-31,424904.94,423066.88
38,2012-09-07,490274.8,424121.25
38,2012-09-14,430944.38,423099.16
38,2012-09-21,409600.97,426687.28
38,2012-09-28,398468.1,428427.56
38,2012-10-05,458479.0,425044.47
38,2012-10-12,437320.66,433437.25
38,2012-10-19,428806.47,440002.66
38,2012-10-26,417290.38,444226.97
39,2012-04-13,1580732.8,1498033.6
39,2012-04-20,1433391.0,1513069.2
39,2012-04-27,1456997.2,1505040.2
39,2012-05-04,1512227.4,1498756.8
39,2012-05-11,1470792.4,1494805.5
39,2012-05-18,1522978.5,1477840.0
39,2012-05-25,1596036.6,1476237.0
39,2012-06-01,1640476.8,1489448.0
39,2012-06-08,1623442.2,1497470.9
39,2012-06-15,1587499.9,1504157.9
39,2012-06-22,1532316.8,1508073.4
39,2012-06-29,1492389.0,1504665.8
39,2012-07-06,1659222.0,1491359.6
39,2012-07-13,1471261.8,1498852.5
39,2012-07-20,1582168.2,1491460.6
39,2012-07-27,1487797.5,1494912.5
39,2012-08-03,1608277.8,1490485.2
39,2012-08-10,1641867.9,1503665.9
39,2012-08-17,1720221.9,1525902.4
39,2012-08-24,1724669.8,1556765.5
39,2012-08-31,1710924.0,1587906.1
39,2012-09-07,1609811.8,1614694.1
39,2012-09-14,1447614.1,1463351.2
39,2012-09-21,1555672.5,1462171.1
39,2012-09-28,1495607.1,1500395.6
39,2012-10-05,1574408.6,1528455.5
39,2012-10-12,1494417.1,1568209.5
39,2012-10-19,1577486.4,1588557.4
39,2012-10-26,1569502.0,1612441.4
40,2012-04-13,857811.2,981593.1
40,2012-04-20,896979.94,974123.4
40,2012-04-27,875372.94,972758.7
40,2012-05-04,993311.56,962014.5
40,2012-05-11,967729.4,970532.0
40,2012-05-18,896295.44,973153.0
40,2012-05-25,991054.5,963203.3
40,2012-06-01,1037464.25,969703.0
40,2012-06-08,1079386.9,972686.3
40,2012-06-15,977950.25,979232.25
40,2012-06-22,1033552.2,972805.06
40,2012-06-29,988764.8,973747.2
40,2012-07-06,1182901.5,965275.1
40,2012-07-13,979848.7,984359.5
40,2012-07-20,968502.4,976339.7
40,2012-07-27,954396.9,962542.2
40,2012-08-03,1068346.8,947820.9
40,2012-08-10,1007906.44,957800.75
40,2012-08-17,969387.5,967063.56
40,2012-08-24,945318.5,967464.9
40,2012-08-31,987264.7,959564.4
40,2012-09-07,1088248.4,961794.4
40,2012-09-14,901709.8,891503.25
40,2012-09-21,899768.4,889429.44
40,2012-09-28,919595.44,901880.44
40,2012-10-05,1069112.0,913816.06
40,2012-10-12,982523.25,960599.94
40,2012-10-19,918170.5,984790.5
40,2012-10-26,921264.5,985201.0
41,2012-04-13,1323004.8,1258226.6
41,2012-04-20,1220815.4,1281844.4
41,2012-04-27,1248950.6,1282535.2
41,2012-05-04,1359770.8,1289994.6
41,2012-05-11,1353285.1,1311444.2
41,2012-05-18,1331514.5,1318328.6
41,2012-05-25,1424500.5,1326476.8
41,2012-06-01,1374891.4,1348777.4
41,2012-06-08,1436383.9,1350054.0
41,2012-06-15,1384584.6,1358606.9
41,2012-06-22,1386407.1,1360017.4
41,2012-06-29,1355600.0,1359636.0
41,2012-07-06,1456300.9,1353017.2
41,2012-07-13,1332594.1,1356121.5
41,2012-07-20,1347175.9,1345519.2
41,2012-07-27,1344724.0,1336643.4
41,2012-08-03,1439607.4,1329317.2
41,2012-08-10,1504546.0,1340103.6
41,2012-08-17,1560590.0,1364831.2
41,2012-08-24,1464462.9,1394182.5
41,2012-08-31,1360517.5,1413157.5
41,2012-09-07,1392143.9,1408816.5
41,2012-09-14,1306644.2,1257857.1
41,2012-09-21,1276609.4,1249036.4
41,2012-09-28,1307928.0,1267725.0
41,2012-10-05,1400161.0,1285580.8
41,2012-10-12,1409545.0,1319784.0
41,2012-10-19,1326197.2,1340365.6
41,2012-10-26,1316542.6,1354353.4
42,2012-04-13,639123.44,623383.9
42,2012-04-20,552529.25,634926.5
42,2012-04-27,526625.5,621566.75
42,2012-05-04,609274.9,602973.06
42,2012-05-11,643603.7,598505.5
42,2012-05-18,590636.4,603904.2
42,2012-05-25,535764.56,603311.9
42,2012-06-01,521953.78,587633.4
42,2012-06-08,642671.5,559911.94
42,2012-06-15,606309.1,565255.1
42,2012-06-22,540031.3,572229.7
42,2012-06-29,507403.78,563847.2
42,2012-07-06,618702.06,545422.2
42,2012-07-13,628099.06,546416.06
42,2012-07-20,530318.4,558459.25
42,2012-07-27,516352.22,549974.75
42,2012-08-03,573084.7,536108.06
42,2012-08-10,576620.3,536000.7
42,2012-08-17,575997.75,546318.6
42,2012-08-24,535537.0,557918.94
42,2012-08-31,504760.56,557152.75
42,2012-09-07,617405.4,548227.8
42,2012-09-14,586737.7,527529.75
42,2012-09-21,527165.7,537660.0
42,2012-09-28,505978.47,547717.75
42,2012-10-05,593162.5,547965.4
42,2012-10-12,612379.9,567510.75
42,2012-10-19,541407.0,596078.4
42,2012-10-26,514756.1,605066.4
43,2012-04-13,665687.94,653720.1
43,2012-04-20,638145.0,657319.1
43,2012-04-27,593138.56,654504.94
43,2012-05-04,637964.2,643962.75
43,2012-05-11,640159.06,637747.8
43,2012-05-18,648541.8,631100.94
43,2012-05-25,597406.4,632397.5
43,2012-06-01,605078.6,626105.5
43,2012-06-08,643032.5,613054.06
43,2012-06-15,634815.1,610651.2
43,2012-06-22,613270.8,610735.06
43,2012-06-29,593128.1,607161.75
43,2012-07-06,645618.56,600249.5
43,2012-07-13,627634.06,599532.7
43,2012-07-20,596554.06,598743.56
43,2012-07-27,572447.5,594636.2
43,2012-08-03,614378.94,585502.06
43,2012-08-10,643558.75,586858.8
43,2012-08-17,640210.9,598494.7
43,2012-08-24,598234.6,610537.6
43,2012-08-31,593141.3,609997.5
43,2012-09-07,663814.2,605215.25
43,2012-09-14,625196.94,576416.44
43,2012-09-21,601990.0,582552.9
43,2012-09-28,577792.3,595768.6
43,2012-10-05,642614.9,600692.75
43,2012-10-12,619369.75,615759.94
43,2012-10-19,623919.25,624995.9
43,2012-10-26,587603.56,630587.2
44,2012-04-13,311390.22,307528.06
44,2012-04-20,323233.8,306732.84
44,2012-04-27,330338.38,308102.25
44,2012-05-04,326053.28,313335.84
44,2012-05-11,341381.1,314616.8
44,2012-05-18,334042.44,316133.56
44,2012-05-25,343268.28,318204.62
44,2012-06-01,323410.94,320094.12
44,2012-06-08,340238.38,316663.44
44,2012-06-15,338400.8,316832.0
44,2012-06-22,336241.0,316545.06
44,2012-06-29,338386.1,317011.53
44,2012-07-06,358461.6,317704.6
44,2012-07-13,336479.5,317580.1
44,2012-07-20,337819.16,315146.53
44,2012-07-27,319855.25,312049.38
44,2012-08-03,342385.38,308298.0
44,2012-08-10,333594.8,307278.0
44,2012-08-17,327389.5,306761.78
44,2012-08-24,337985.75,305621.22
44,2012-08-31,339490.7,306216.38
44,2012-09-07,338737.34,307948.34
44,2012-09-14,347726.66,303782.66
44,2012-09-21,336017.6,305489.78
44,2012-09-28,355307.94,308108.72
44,2012-10-05,337390.44,312470.47
44,2012-10-12,337796.12,315811.16
44,2012-10-19,323766.78,317964.97
44,2012-10-26,361067.06,317869.78
45,2012-04-13,781970.6,828546.94
45,2012-04-20,776661.75,823809.25
45,2012-04-27,711571.9,819933.4
45,2012-05-04,782300.7,790065.3
45,2012-05-11,770487.4,781587.1
45,2012-05-18,800842.25,776518.7
45,2012-05-25,817741.2,784711.3
45,2012-06-01,837144.6,797861.2
45,2012-06-08,795133.0,800993.1
45,2012-06-15,821498.2,786679.7
45,2012-06-22,822569.2,784598.3
45,2012-06-29,773367.7,787635.3
45,2012-07-06,843361.1,778797.7
45,2012-07-13,749817.06,781208.56
45,2012-07-20,737613.6,762963.44
45,2012-07-27,711671.56,742914.94
45,2012-08-03,725729.5,722242.1
45,2012-08-10,733037.3,711381.2
45,2012-08-17,722496.94,711515.5
45,2012-08-24,718232.25,711696.75
45,2012-08-31,734297.9,710329.75
45,2012-09-07,766512.7,716174.06
45,2012-09-14,702238.25,661391.3
45,2012-09-21,723086.2,663644.44
45,2012-09-28,713173.94,683219.0
45,2012-10-05,733455.06,703448.1
45,2012-10-12,734464.4,729885.75
45,2012-10-19,718125.5,741959.1
45,2012-10-26,760281.44,747132.56
